Compound;PubChem_CID;SMILES;Target;Mutation;Activity_type;Activity_value;Units;PDB_ID;Source
Imatinib;5291;CC1=C(C=C(C=C1)NC(=O)C2=CC=C(C=C2)CN3CCN(CC3)C)NC4=NC=CC(=N4)C5=CN=CC=C5;ABL1;WT;IC50;98.2;nM;2HYY;"ChEMBL; Ren X. et al., J. Med. Chem. 2013, 56:879-894 (PMID 23301703); ChEMBL doc CHEMBL2311339, assay CHEMBL2320772"
Imatinib;5291;CC1=C(C=C(C=C1)NC(=O)C2=CC=C(C=C2)CN3CCN(CC3)C)NC4=NC=CC(=N4)C5=CN=CC=C5;ABL1;WT;IC50;190;nM;2HYY;"ChEMBL; Zhao Y. et al., J. Med. Chem. 2022 (PMID 35944901); ChEMBL doc CHEMBL5137090, assay CHEMBL5142405"
Imatinib;5291;CC1=C(C=C(C=C1)NC(=O)C2=CC=C(C=C2)CN3CCN(CC3)C)NC4=NC=CC(=N4)C5=CN=CC=C5;ABL1;WT;IC50;75;nM;2HYY;"ChEMBL; Chan W.W. et al., Cancer Cell 2011, 19:556-568 (PMID 21481795); ChEMBL doc CHEMBL5678804, assay CHEMBL5680953"
Imatinib;5291;CC1=C(C=C(C=C1)NC(=O)C2=CC=C(C=C2)CN3CCN(CC3)C)NC4=NC=CC(=N4)C5=CN=CC=C5;ABL1;WT;IC50;7700;nM;2HYY;"ChEMBL; Chan W.W. et al., Cancer Cell 2011, 19:556-568 (PMID 21481795); ChEMBL doc CHEMBL5678804, assay CHEMBL5680954"
Imatinib;5291;CC1=C(C=C(C=C1)NC(=O)C2=CC=C(C=C2)CN3CCN(CC3)C)NC4=NC=CC(=N4)C5=CN=CC=C5;ABL1;WT;IC50;75;nM;2HYY;"ChEMBL; Chan W.W. et al., Cancer Cell 2011, 19:556-568 (PMID 21481795); ChEMBL doc CHEMBL5678804, assay CHEMBL5681148"
Imatinib;5291;CC1=C(C=C(C=C1)NC(=O)C2=CC=C(C=C2)CN3CCN(CC3)C)NC4=NC=CC(=N4)C5=CN=CC=C5;ABL1;WT;IC50;350;nM;2HYY;"ChEMBL; Chan W.W. et al., Cancer Cell 2011, 19:556-568 (PMID 21481795); ChEMBL doc CHEMBL5678804, assay CHEMBL5681149"
Imatinib;5291;CC1=C(C=C(C=C1)NC(=O)C2=CC=C(C=C2)CN3CCN(CC3)C)NC4=NC=CC(=N4)C5=CN=CC=C5;ABL1;WT;IC50;280;nM;2HYY;"ChEMBL; O'Hare T. et al., Cancer Res. 2005, 65:4500-4505 (PMID 15930265); ChEMBL doc CHEMBL5715937, assay CHEMBL5716084"
Imatinib;5291;CC1=C(C=C(C=C1)NC(=O)C2=CC=C(C=C2)CN3CCN(CC3)C)NC4=NC=CC(=N4)C5=CN=CC=C5;ABL1;WT;IC50;300;nM;2HYY;"ChEMBL; O'Hare T. et al., Cancer Res. 2005, 65:4500-4505 (PMID 15930265); ChEMBL doc CHEMBL5715937, assay CHEMBL5716119"
Imatinib;5291;CC1=C(C=C(C=C1)NC(=O)C2=CC=C(C=C2)CN3CCN(CC3)C)NC4=NC=CC(=N4)C5=CN=CC=C5;BCR-ABL1;WT;IC50;399;nM;2HYY;"ChEMBL; Yang X. et al., Bioorg. Med. Chem. Lett. 2015, 25:3821 (PMID 26195136); ChEMBL doc CHEMBL3603836, assay CHEMBL3606398"
Imatinib;5291;CC1=C(C=C(C=C1)NC(=O)C2=CC=C(C=C2)CN3CCN(CC3)C)NC4=NC=CC(=N4)C5=CN=CC=C5;ABL1;WT;Kd;2.2;nM;2HYY;"ChEMBL; Fabian M.A. et al., Nat. Biotechnol. 2005, 23:329-336 (PMID 15711537); ChEMBL doc CHEMBL1144455, assay CHEMBL859868"
Imatinib;5291;CC1=C(C=C(C=C1)NC(=O)C2=CC=C(C=C2)CN3CCN(CC3)C)NC4=NC=CC(=N4)C5=CN=CC=C5;ABL1;WT;Kd;1.1;nM;2HYY;"ChEMBL; Davis M.I. et al., Nat. Biotechnol. 2011, 29:1046-1051 (PMID 22037378); ChEMBL doc CHEMBL1908390, assay CHEMBL1908688"
Imatinib;5291;CC1=C(C=C(C=C1)NC(=O)C2=CC=C(C=C2)CN3CCN(CC3)C)NC4=NC=CC(=N4)C5=CN=CC=C5;ABL1;WT;Kd;21;nM;2HYY;"ChEMBL; Davis M.I. et al., Nat. Biotechnol. 2011, 29:1046-1051 (PMID 22037378); ChEMBL doc CHEMBL1908390, assay CHEMBL1908689"
Imatinib;5291;CC1=C(C=C(C=C1)NC(=O)C2=CC=C(C=C2)CN3CCN(CC3)C)NC4=NC=CC(=N4)C5=CN=CC=C5;ABL1;T315I;IC50;5155;nM;;"ChEMBL; Ren X. et al., J. Med. Chem. 2013, 56:879-894 (PMID 23301703); ChEMBL doc CHEMBL2311339, assay CHEMBL2320771"
Imatinib;5291;CC1=C(C=C(C=C1)NC(=O)C2=CC=C(C=C2)CN3CCN(CC3)C)NC4=NC=CC(=N4)C5=CN=CC=C5;ABL1;T315I;IC50;>10000;nM;;"ChEMBL; Zhao Y. et al., J. Med. Chem. 2022 (PMID 35944901); ChEMBL doc CHEMBL5137090, assay CHEMBL5142406"
Imatinib;5291;CC1=C(C=C(C=C1)NC(=O)C2=CC=C(C=C2)CN3CCN(CC3)C)NC4=NC=CC(=N4)C5=CN=CC=C5;ABL1;T315I;IC50;>10000;nM;;"ChEMBL; Chan W.W. et al., Cancer Cell 2011, 19:556-568 (PMID 21481795); ChEMBL doc CHEMBL5678804, assay CHEMBL5680955"
Imatinib;5291;CC1=C(C=C(C=C1)NC(=O)C2=CC=C(C=C2)CN3CCN(CC3)C)NC4=NC=CC(=N4)C5=CN=CC=C5;ABL1;T315I;IC50;>10000;nM;;"ChEMBL; Chan W.W. et al., Cancer Cell 2011, 19:556-568 (PMID 21481795); ChEMBL doc CHEMBL5678804, assay CHEMBL5680956"
Imatinib;5291;CC1=C(C=C(C=C1)NC(=O)C2=CC=C(C=C2)CN3CCN(CC3)C)NC4=NC=CC(=N4)C5=CN=CC=C5;ABL1;T315I;IC50;>10000;nM;;"ChEMBL; Chan W.W. et al., Cancer Cell 2011, 19:556-568 (PMID 21481795); ChEMBL doc CHEMBL5678804, assay CHEMBL5681150"
Imatinib;5291;CC1=C(C=C(C=C1)NC(=O)C2=CC=C(C=C2)CN3CCN(CC3)C)NC4=NC=CC(=N4)C5=CN=CC=C5;ABL1;T315I;IC50;>5000;nM;;"ChEMBL; O'Hare T. et al., Cancer Res. 2005, 65:4500-4505 (PMID 15930265); ChEMBL doc CHEMBL5715937, assay CHEMBL5716093"
Imatinib;5291;CC1=C(C=C(C=C1)NC(=O)C2=CC=C(C=C2)CN3CCN(CC3)C)NC4=NC=CC(=N4)C5=CN=CC=C5;ABL1;T315I;IC50;>5000;nM;;"ChEMBL; O'Hare T. et al., Cancer Res. 2005, 65:4500-4505 (PMID 15930265); ChEMBL doc CHEMBL5715937, assay CHEMBL5716128"
Imatinib;5291;CC1=C(C=C(C=C1)NC(=O)C2=CC=C(C=C2)CN3CCN(CC3)C)NC4=NC=CC(=N4)C5=CN=CC=C5;BCR-ABL1;T315I;IC50;>1000;nM;;"ChEMBL; Yang X. et al., Bioorg. Med. Chem. Lett. 2015, 25:3821 (PMID 26195136); ChEMBL doc CHEMBL3603836, assay CHEMBL3606399"
Imatinib;5291;CC1=C(C=C(C=C1)NC(=O)C2=CC=C(C=C2)CN3CCN(CC3)C)NC4=NC=CC(=N4)C5=CN=CC=C5;ABL1;T315I;Kd;6200;nM;;"ChEMBL; Fabian M.A. et al., Nat. Biotechnol. 2005, 23:329-336 (PMID 15711537); ChEMBL doc CHEMBL1144455, assay CHEMBL859873"
Imatinib;5291;CC1=C(C=C(C=C1)NC(=O)C2=CC=C(C=C2)CN3CCN(CC3)C)NC4=NC=CC(=N4)C5=CN=CC=C5;ABL1;T315I;Kd;>10000;nM;;"ChEMBL; Davis M.I. et al., Nat. Biotechnol. 2011, 29:1046-1051 (PMID 22037378); ChEMBL doc CHEMBL1908390, assay CHEMBL1908685"
Imatinib;5291;CC1=C(C=C(C=C1)NC(=O)C2=CC=C(C=C2)CN3CCN(CC3)C)NC4=NC=CC(=N4)C5=CN=CC=C5;ABL1;T315I;Kd;>10000;nM;;"ChEMBL; Davis M.I. et al., Nat. Biotechnol. 2011, 29:1046-1051 (PMID 22037378); ChEMBL doc CHEMBL1908390, assay CHEMBL1908686"
Nilotinib;644241;CC1=C(C=C(C=C1)C(=O)NC2=CC(=CC(=C2)C(F)(F)F)N3C=C(N=C3)C)NC4=NC=CC(=N4)C5=CN=CC=C5;ABL1;WT;IC50;43.5;nM;3CS9;"ChEMBL; Ren X. et al., J. Med. Chem. 2013, 56:879-894 (PMID 23301703); ChEMBL doc CHEMBL2311339, assay CHEMBL2320772"
Nilotinib;644241;CC1=C(C=C(C=C1)C(=O)NC2=CC(=CC(=C2)C(F)(F)F)N3C=C(N=C3)C)NC4=NC=CC(=N4)C5=CN=CC=C5;ABL1;WT;IC50;18.5;nM;3CS9;"ChEMBL; Zhao Y. et al., J. Med. Chem. 2022 (PMID 35944901); ChEMBL doc CHEMBL5137090, assay CHEMBL5142405"
Nilotinib;644241;CC1=C(C=C(C=C1)C(=O)NC2=CC(=CC(=C2)C(F)(F)F)N3C=C(N=C3)C)NC4=NC=CC(=N4)C5=CN=CC=C5;ABL1;WT;IC50;0.87;nM;3CS9;"ChEMBL; Chan W.W. et al., Cancer Cell 2011, 19:556-568 (PMID 21481795); ChEMBL doc CHEMBL5678804, assay CHEMBL5680953"
Nilotinib;644241;CC1=C(C=C(C=C1)C(=O)NC2=CC(=CC(=C2)C(F)(F)F)N3C=C(N=C3)C)NC4=NC=CC(=N4)C5=CN=CC=C5;ABL1;WT;IC50;2.2;nM;3CS9;"ChEMBL; Chan W.W. et al., Cancer Cell 2011, 19:556-568 (PMID 21481795); ChEMBL doc CHEMBL5678804, assay CHEMBL5680954"
Nilotinib;644241;CC1=C(C=C(C=C1)C(=O)NC2=CC(=CC(=C2)C(F)(F)F)N3C=C(N=C3)C)NC4=NC=CC(=N4)C5=CN=CC=C5;ABL1;WT;IC50;15;nM;3CS9;"ChEMBL; O'Hare T. et al., Cancer Res. 2005, 65:4500-4505 (PMID 15930265); ChEMBL doc CHEMBL5715937, assay CHEMBL5716084"
Nilotinib;644241;CC1=C(C=C(C=C1)C(=O)NC2=CC(=CC(=C2)C(F)(F)F)N3C=C(N=C3)C)NC4=NC=CC(=N4)C5=CN=CC=C5;ABL1;WT;IC50;7;nM;3CS9;"ChEMBL; O'Hare T. et al., Cancer Res. 2005, 65:4500-4505 (PMID 15930265); ChEMBL doc CHEMBL5715937, assay CHEMBL5716119"
Nilotinib;644241;CC1=C(C=C(C=C1)C(=O)NC2=CC(=CC(=C2)C(F)(F)F)N3C=C(N=C3)C)NC4=NC=CC(=N4)C5=CN=CC=C5;BCR-ABL1;WT;IC50;14;nM;3CS9;"ChEMBL; Yang X. et al., Bioorg. Med. Chem. Lett. 2015, 25:3821 (PMID 26195136); ChEMBL doc CHEMBL3603836, assay CHEMBL3606398"
Nilotinib;644241;CC1=C(C=C(C=C1)C(=O)NC2=CC(=CC(=C2)C(F)(F)F)N3C=C(N=C3)C)NC4=NC=CC(=N4)C5=CN=CC=C5;ABL1;WT;Kd;10;nM;3CS9;"ChEMBL; Davis M.I. et al., Nat. Biotechnol. 2011, 29:1046-1051 (PMID 22037378); ChEMBL doc CHEMBL1908390, assay CHEMBL1908688"
Nilotinib;644241;CC1=C(C=C(C=C1)C(=O)NC2=CC(=CC(=C2)C(F)(F)F)N3C=C(N=C3)C)NC4=NC=CC(=N4)C5=CN=CC=C5;ABL1;WT;Kd;13;nM;3CS9;"ChEMBL; Davis M.I. et al., Nat. Biotechnol. 2011, 29:1046-1051 (PMID 22037378); ChEMBL doc CHEMBL1908390, assay CHEMBL1908689"
Nilotinib;644241;CC1=C(C=C(C=C1)C(=O)NC2=CC(=CC(=C2)C(F)(F)F)N3C=C(N=C3)C)NC4=NC=CC(=N4)C5=CN=CC=C5;ABL1;T315I;IC50;702.4;nM;;"ChEMBL; Ren X. et al., J. Med. Chem. 2013, 56:879-894 (PMID 23301703); ChEMBL doc CHEMBL2311339, assay CHEMBL2320771"
Nilotinib;644241;CC1=C(C=C(C=C1)C(=O)NC2=CC(=CC(=C2)C(F)(F)F)N3C=C(N=C3)C)NC4=NC=CC(=N4)C5=CN=CC=C5;ABL1;T315I;IC50;9170;nM;;"ChEMBL; Zhao Y. et al., J. Med. Chem. 2022 (PMID 35944901); ChEMBL doc CHEMBL5137090, assay CHEMBL5142406"
Nilotinib;644241;CC1=C(C=C(C=C1)C(=O)NC2=CC(=CC(=C2)C(F)(F)F)N3C=C(N=C3)C)NC4=NC=CC(=N4)C5=CN=CC=C5;ABL1;T315I;IC50;>5000;nM;;"ChEMBL; Chan W.W. et al., Cancer Cell 2011, 19:556-568 (PMID 21481795); ChEMBL doc CHEMBL5678804, assay CHEMBL5680955"
Nilotinib;644241;CC1=C(C=C(C=C1)C(=O)NC2=CC(=CC(=C2)C(F)(F)F)N3C=C(N=C3)C)NC4=NC=CC(=N4)C5=CN=CC=C5;ABL1;T315I;IC50;3800;nM;;"ChEMBL; Chan W.W. et al., Cancer Cell 2011, 19:556-568 (PMID 21481795); ChEMBL doc CHEMBL5678804, assay CHEMBL5680956"
Nilotinib;644241;CC1=C(C=C(C=C1)C(=O)NC2=CC(=CC(=C2)C(F)(F)F)N3C=C(N=C3)C)NC4=NC=CC(=N4)C5=CN=CC=C5;ABL1;T315I;IC50;>5000;nM;;"ChEMBL; O'Hare T. et al., Cancer Res. 2005, 65:4500-4505 (PMID 15930265); ChEMBL doc CHEMBL5715937, assay CHEMBL5716093"
Nilotinib;644241;CC1=C(C=C(C=C1)C(=O)NC2=CC(=CC(=C2)C(F)(F)F)N3C=C(N=C3)C)NC4=NC=CC(=N4)C5=CN=CC=C5;ABL1;T315I;IC50;>5000;nM;;"ChEMBL; O'Hare T. et al., Cancer Res. 2005, 65:4500-4505 (PMID 15930265); ChEMBL doc CHEMBL5715937, assay CHEMBL5716128"
Nilotinib;644241;CC1=C(C=C(C=C1)C(=O)NC2=CC(=CC(=C2)C(F)(F)F)N3C=C(N=C3)C)NC4=NC=CC(=N4)C5=CN=CC=C5;BCR-ABL1;T315I;IC50;>1000;nM;;"ChEMBL; Yang X. et al., Bioorg. Med. Chem. Lett. 2015, 25:3821 (PMID 26195136); ChEMBL doc CHEMBL3603836, assay CHEMBL3606399"
Nilotinib;644241;CC1=C(C=C(C=C1)C(=O)NC2=CC(=CC(=C2)C(F)(F)F)N3C=C(N=C3)C)NC4=NC=CC(=N4)C5=CN=CC=C5;ABL1;T315I;Kd;660;nM;;"ChEMBL; Davis M.I. et al., Nat. Biotechnol. 2011, 29:1046-1051 (PMID 22037378); ChEMBL doc CHEMBL1908390, assay CHEMBL1908685"
Nilotinib;644241;CC1=C(C=C(C=C1)C(=O)NC2=CC(=CC(=C2)C(F)(F)F)N3C=C(N=C3)C)NC4=NC=CC(=N4)C5=CN=CC=C5;ABL1;T315I;Kd;>10000;nM;;"ChEMBL; Davis M.I. et al., Nat. Biotechnol. 2011, 29:1046-1051 (PMID 22037378); ChEMBL doc CHEMBL1908390, assay CHEMBL1908686"
Dasatinib;3062316;CC1=C(C(=CC=C1)Cl)NC(=O)C2=CN=C(S2)NC3=CC(=NC(=N3)C)N4CCN(CC4)CCO;ABL1;WT;IC50;1.1;nM;2GQG;"ChEMBL; Chan W.W. et al., Cancer Cell 2011, 19:556-568 (PMID 21481795); ChEMBL doc CHEMBL5678804, assay CHEMBL5680953"
Dasatinib;3062316;CC1=C(C(=CC=C1)Cl)NC(=O)C2=CN=C(S2)NC3=CC(=NC(=N3)C)N4CCN(CC4)CCO;ABL1;WT;IC50;0.7;nM;2GQG;"ChEMBL; Chan W.W. et al., Cancer Cell 2011, 19:556-568 (PMID 21481795); ChEMBL doc CHEMBL5678804, assay CHEMBL5680954"
Dasatinib;3062316;CC1=C(C(=CC=C1)Cl)NC(=O)C2=CN=C(S2)NC3=CC(=NC(=N3)C)N4CCN(CC4)CCO;ABL1;WT;IC50;1.1;nM;2GQG;"ChEMBL; Chan W.W. et al., Cancer Cell 2011, 19:556-568 (PMID 21481795); ChEMBL doc CHEMBL5678804, assay CHEMBL5681148"
Dasatinib;3062316;CC1=C(C(=CC=C1)Cl)NC(=O)C2=CN=C(S2)NC3=CC(=NC(=N3)C)N4CCN(CC4)CCO;ABL1;WT;IC50;1;nM;2GQG;"ChEMBL; Chan W.W. et al., Cancer Cell 2011, 19:556-568 (PMID 21481795); ChEMBL doc CHEMBL5678804, assay CHEMBL5681149"
Dasatinib;3062316;CC1=C(C(=CC=C1)Cl)NC(=O)C2=CN=C(S2)NC3=CC(=NC(=N3)C)N4CCN(CC4)CCO;ABL1;WT;IC50;0.6;nM;2GQG;"ChEMBL; O'Hare T. et al., Cancer Res. 2005, 65:4500-4505 (PMID 15930265); ChEMBL doc CHEMBL5715937, assay CHEMBL5716084"
Dasatinib;3062316;CC1=C(C(=CC=C1)Cl)NC(=O)C2=CN=C(S2)NC3=CC(=NC(=N3)C)N4CCN(CC4)CCO;ABL1;WT;IC50;0.8;nM;2GQG;"ChEMBL; O'Hare T. et al., Cancer Res. 2005, 65:4500-4505 (PMID 15930265); ChEMBL doc CHEMBL5715937, assay CHEMBL5716119"
Dasatinib;3062316;CC1=C(C(=CC=C1)Cl)NC(=O)C2=CN=C(S2)NC3=CC(=NC(=N3)C)N4CCN(CC4)CCO;ABL1;T315I;IC50;>10000;nM;;"ChEMBL; Chan W.W. et al., Cancer Cell 2011, 19:556-568 (PMID 21481795); ChEMBL doc CHEMBL5678804, assay CHEMBL5680955"
Dasatinib;3062316;CC1=C(C(=CC=C1)Cl)NC(=O)C2=CN=C(S2)NC3=CC(=NC(=N3)C)N4CCN(CC4)CCO;ABL1;T315I;IC50;>10000;nM;;"ChEMBL; Chan W.W. et al., Cancer Cell 2011, 19:556-568 (PMID 21481795); ChEMBL doc CHEMBL5678804, assay CHEMBL5680956"
Dasatinib;3062316;CC1=C(C(=CC=C1)Cl)NC(=O)C2=CN=C(S2)NC3=CC(=NC(=N3)C)N4CCN(CC4)CCO;ABL1;T315I;IC50;>10000;nM;;"ChEMBL; Chan W.W. et al., Cancer Cell 2011, 19:556-568 (PMID 21481795); ChEMBL doc CHEMBL5678804, assay CHEMBL5681150"
Dasatinib;3062316;CC1=C(C(=CC=C1)Cl)NC(=O)C2=CN=C(S2)NC3=CC(=NC(=N3)C)N4CCN(CC4)CCO;ABL1;T315I;IC50;>10000;nM;;"ChEMBL; O'Hare T. et al., Cancer Res. 2005, 65:4500-4505 (PMID 15930265); ChEMBL doc CHEMBL5715937, assay CHEMBL5716093"
Dasatinib;3062316;CC1=C(C(=CC=C1)Cl)NC(=O)C2=CN=C(S2)NC3=CC(=NC(=N3)C)N4CCN(CC4)CCO;ABL1;T315I;IC50;>1000;nM;;"ChEMBL; O'Hare T. et al., Cancer Res. 2005, 65:4500-4505 (PMID 15930265); ChEMBL doc CHEMBL5715937, assay CHEMBL5716128"
Bosutinib;5328940;CN1CCN(CC1)CCCOC2=C(C=C3C(=C2)N=CC(=C3NC4=CC(=C(C=C4Cl)Cl)OC)C#N)OC;ABL1;WT;IC50;0.5;nM;3UE4;"ChEMBL; Remsing Rix L.L. et al., Leukemia 2009, 23:477-485 (PMID 19039322); ChEMBL doc CHEMBL1240341, assay CHEMBL1244322"
Bosutinib;5328940;CN1CCN(CC1)CCCOC2=C(C=C3C(=C2)N=CC(=C3NC4=CC(=C(C=C4Cl)Cl)OC)C#N)OC;ABL1;WT;Kd;0.12;nM;3UE4;"ChEMBL; Davis M.I. et al., Nat. Biotechnol. 2011, 29:1046-1051 (PMID 22037378); ChEMBL doc CHEMBL1908390, assay CHEMBL1908688"
Bosutinib;5328940;CN1CCN(CC1)CCCOC2=C(C=C3C(=C2)N=CC(=C3NC4=CC(=C(C=C4Cl)Cl)OC)C#N)OC;ABL1;WT;Kd;0.057;nM;3UE4;"ChEMBL; Davis M.I. et al., Nat. Biotechnol. 2011, 29:1046-1051 (PMID 22037378); ChEMBL doc CHEMBL1908390, assay CHEMBL1908689"
Bosutinib;5328940;CN1CCN(CC1)CCCOC2=C(C=C3C(=C2)N=CC(=C3NC4=CC(=C(C=C4Cl)Cl)OC)C#N)OC;ABL1;T315I;IC50;26;nM;;"ChEMBL; Remsing Rix L.L. et al., Leukemia 2009, 23:477-485 (PMID 19039322); ChEMBL doc CHEMBL1240341, assay CHEMBL1244573"
Bosutinib;5328940;CN1CCN(CC1)CCCOC2=C(C=C3C(=C2)N=CC(=C3NC4=CC(=C(C=C4Cl)Cl)OC)C#N)OC;ABL1;T315I;Kd;21;nM;;"ChEMBL; Davis M.I. et al., Nat. Biotechnol. 2011, 29:1046-1051 (PMID 22037378); ChEMBL doc CHEMBL1908390, assay CHEMBL1908685"
Bosutinib;5328940;CN1CCN(CC1)CCCOC2=C(C=C3C(=C2)N=CC(=C3NC4=CC(=C(C=C4Cl)Cl)OC)C#N)OC;ABL1;T315I;Kd;3.6;nM;;"ChEMBL; Davis M.I. et al., Nat. Biotechnol. 2011, 29:1046-1051 (PMID 22037378); ChEMBL doc CHEMBL1908390, assay CHEMBL1908686"
Ponatinib;24826799;CC1=C(C=C(C=C1)C(=O)NC2=CC(=C(C=C2)CN3CCN(CC3)C)C(F)(F)F)C#CC4=CN=C5N4N=CC=C5;ABL1;WT;IC50;8.6;nM;3OXZ;"ChEMBL; Huang W.-S. et al., J. Med. Chem. 2010, 53:4701-4719 (PMID 20513156); ChEMBL doc CHEMBL1177713, assay CHEMBL1176860"
Ponatinib;24826799;CC1=C(C=C(C=C1)C(=O)NC2=CC(=C(C=C2)CN3CCN(CC3)C)C(F)(F)F)C#CC4=CN=C5N4N=CC=C5;ABL1;WT;IC50;0.37;nM;3OXZ;"ChEMBL; Huang W.-S. et al., J. Med. Chem. 2010, 53:4701-4719 (PMID 20513156); ChEMBL doc CHEMBL1177713, assay CHEMBL1176866"
Ponatinib;24826799;CC1=C(C=C(C=C1)C(=O)NC2=CC(=C(C=C2)CN3CCN(CC3)C)C(F)(F)F)C#CC4=CN=C5N4N=CC=C5;ABL1;WT;IC50;0.33;nM;3OXZ;"ChEMBL; Ren X. et al., J. Med. Chem. 2013, 56:879-894 (PMID 23301703); ChEMBL doc CHEMBL2311339, assay CHEMBL2320772"
Ponatinib;24826799;CC1=C(C=C(C=C1)C(=O)NC2=CC(=C(C=C2)CN3CCN(CC3)C)C(F)(F)F)C#CC4=CN=C5N4N=CC=C5;ABL1;WT;IC50;2.2;nM;3OXZ;"ChEMBL; Zhao Y. et al., J. Med. Chem. 2022 (PMID 35944901); ChEMBL doc CHEMBL5137090, assay CHEMBL5142403"
Ponatinib;24826799;CC1=C(C=C(C=C1)C(=O)NC2=CC(=C(C=C2)CN3CCN(CC3)C)C(F)(F)F)C#CC4=CN=C5N4N=CC=C5;BCR-ABL1;WT;IC50;1;nM;3OXZ;"ChEMBL; Yang X. et al., Bioorg. Med. Chem. Lett. 2015, 25:3821 (PMID 26195136); ChEMBL doc CHEMBL3603836, assay CHEMBL3606398"
Ponatinib;24826799;CC1=C(C=C(C=C1)C(=O)NC2=CC(=C(C=C2)CN3CCN(CC3)C)C(F)(F)F)C#CC4=CN=C5N4N=CC=C5;ABL1;T315I;IC50;40;nM;3IK3;"ChEMBL; Huang W.-S. et al., J. Med. Chem. 2010, 53:4701-4719 (PMID 20513156); ChEMBL doc CHEMBL1177713, assay CHEMBL1176861"
Ponatinib;24826799;CC1=C(C=C(C=C1)C(=O)NC2=CC(=C(C=C2)CN3CCN(CC3)C)C(F)(F)F)C#CC4=CN=C5N4N=CC=C5;ABL1;T315I;IC50;2;nM;3IK3;"ChEMBL; Huang W.-S. et al., J. Med. Chem. 2010, 53:4701-4719 (PMID 20513156); ChEMBL doc CHEMBL1177713, assay CHEMBL1176867"
Ponatinib;24826799;CC1=C(C=C(C=C1)C(=O)NC2=CC(=C(C=C2)CN3CCN(CC3)C)C(F)(F)F)C#CC4=CN=C5N4N=CC=C5;ABL1;T315I;IC50;1.39;nM;3IK3;"ChEMBL; Ren X. et al., J. Med. Chem. 2013, 56:879-894 (PMID 23301703); ChEMBL doc CHEMBL2311339, assay CHEMBL2320771"
Ponatinib;24826799;CC1=C(C=C(C=C1)C(=O)NC2=CC(=C(C=C2)CN3CCN(CC3)C)C(F)(F)F)C#CC4=CN=C5N4N=CC=C5;ABL1;T315I;IC50;5.1;nM;3IK3;"ChEMBL; Zhao Y. et al., J. Med. Chem. 2022 (PMID 35944901); ChEMBL doc CHEMBL5137090, assay CHEMBL5142404"
Ponatinib;24826799;CC1=C(C=C(C=C1)C(=O)NC2=CC(=C(C=C2)CN3CCN(CC3)C)C(F)(F)F)C#CC4=CN=C5N4N=CC=C5;BCR-ABL1;T315I;IC50;0.9;nM;3IK3;"ChEMBL; Yang X. et al., Bioorg. Med. Chem. Lett. 2015, 25:3821 (PMID 26195136); ChEMBL doc CHEMBL3603836, assay CHEMBL3606399"
Asciminib;72165228;C1CN(C[C@@H]1O)C2=C(C=C(C=N2)C(=O)NC3=CC=C(C=C3)OC(F)(F)Cl)C4=CC=NN4;ABL1;WT;IC50;0.5;nM;5MO4;"ChEMBL; Schoepfer J. et al., J. Med. Chem. 2018, 61:8120-8135 (PMID 30137981); ChEMBL doc CHEMBL4196169, assay CHEMBL4200739"
Asciminib;72165228;C1CN(C[C@@H]1O)C2=C(C=C(C=N2)C(=O)NC3=CC=C(C=C3)OC(F)(F)Cl)C4=CC=NN4;ABL1;WT;Kd;0.5;nM;5MO4;"ChEMBL; Schoepfer J. et al., J. Med. Chem. 2018, 61:8120-8135 (PMID 30137981); ChEMBL doc CHEMBL4196169, assay CHEMBL4200854"
Axitinib;6450551;CNC(=O)C1=CC=CC=C1SC2=CC3=C(C=C2)C(=NN3)/C=C/C4=CC=CC=N4;ABL1;WT;IC50;7.784;nM;4WA9;"ChEMBL; patent record CHEMBL3886395 (axitinib vs BCR-ABL1 T315I), 2015; ChEMBL doc CHEMBL3886395, assay CHEMBL3887651"
Axitinib;6450551;CNC(=O)C1=CC=CC=C1SC2=CC3=C(C=C2)C(=NN3)/C=C/C4=CC=CC=N4;ABL1;WT;IC50;0.5511;nM;4WA9;"ChEMBL; patent record CHEMBL3886395 (axitinib vs BCR-ABL1 T315I), 2015; ChEMBL doc CHEMBL3886395, assay CHEMBL3887652"
Axitinib;6450551;CNC(=O)C1=CC=CC=C1SC2=CC3=C(C=C2)C(=NN3)/C=C/C4=CC=CC=N4;ABL1;WT;IC50;2.6;nM;4WA9;"ChEMBL; patent record CHEMBL3886395 (axitinib vs BCR-ABL1 T315I), 2015; ChEMBL doc CHEMBL3886395, assay CHEMBL3887653"
Axitinib;6450551;CNC(=O)C1=CC=CC=C1SC2=CC3=C(C=C2)C(=NN3)/C=C/C4=CC=CC=N4;ABL1;WT;Kd;84;nM;4WA9;"ChEMBL; Davis M.I. et al., Nat. Biotechnol. 2011, 29:1046-1051 (PMID 22037378); ChEMBL doc CHEMBL1908390, assay CHEMBL1908688"
Axitinib;6450551;CNC(=O)C1=CC=CC=C1SC2=CC3=C(C=C2)C(=NN3)/C=C/C4=CC=CC=N4;ABL1;WT;Kd;36;nM;4WA9;"ChEMBL; Davis M.I. et al., Nat. Biotechnol. 2011, 29:1046-1051 (PMID 22037378); ChEMBL doc CHEMBL1908390, assay CHEMBL1908689"
Axitinib;6450551;CNC(=O)C1=CC=CC=C1SC2=CC3=C(C=C2)C(=NN3)/C=C/C4=CC=CC=N4;ABL1;T315I;IC50;0.418;nM;4TWP;"ChEMBL; patent record CHEMBL3886395 (axitinib vs BCR-ABL1 T315I), 2015; ChEMBL doc CHEMBL3886395, assay CHEMBL3887654"
Axitinib;6450551;CNC(=O)C1=CC=CC=C1SC2=CC3=C(C=C2)C(=NN3)/C=C/C4=CC=CC=N4;ABL1;T315I;Kd;3.6;nM;4TWP;"ChEMBL; Davis M.I. et al., Nat. Biotechnol. 2011, 29:1046-1051 (PMID 22037378); ChEMBL doc CHEMBL1908390, assay CHEMBL1908685"
Axitinib;6450551;CNC(=O)C1=CC=CC=C1SC2=CC3=C(C=C2)C(=NN3)/C=C/C4=CC=CC=N4;ABL1;T315I;Kd;1.5;nM;4TWP;"ChEMBL; Davis M.I. et al., Nat. Biotechnol. 2011, 29:1046-1051 (PMID 22037378); ChEMBL doc CHEMBL1908390, assay CHEMBL1908686"
